{
  "league": "PL",
  "feature_version": "v1",
  "chosen_model": "rf",
  "results": {
    "logreg": {
      "train": {
        "accuracy": 0.5108024691358025,
        "balanced_accuracy": 0.49212067270088483,
        "f1_macro": 0.4902465362362327,
        "log_loss": 0.9914744098519068,
        "confusion_matrix": {
          "labels_order": [
            "A",
            "D",
            "H"
          ],
          "matrix": [
            [
              126,
              45,
              49
            ],
            [
              50,
              54,
              45
            ],
            [
              60,
              68,
              151
            ]
          ]
        }
      },
      "test": {
        "accuracy": 0.4506172839506173,
        "balanced_accuracy": 0.45457957957957956,
        "f1_macro": 0.44416075650118203,
        "log_loss": 1.0808560252497472,
        "confusion_matrix": {
          "labels_order": [
            "A",
            "D",
            "H"
          ],
          "matrix": [
            [
              28,
              10,
              10
            ],
            [
              14,
              15,
              11
            ],
            [
              15,
              29,
              30
            ]
          ]
        }
      }
    },
    "rf": {
      "train": {
        "accuracy": 0.9953703703703703,
        "balanced_accuracy": 0.9960953622243945,
        "f1_macro": 0.9959370941674096,
        "log_loss": 0.4047564773464759,
        "confusion_matrix": {
          "labels_order": [
            "A",
            "D",
            "H"
          ],
          "matrix": [
            [
              219,
              0,
              1
            ],
            [
              0,
              149,
              0
            ],
            [
              2,
              0,
              277
            ]
          ]
        }
      },
      "test": {
        "accuracy": 0.49382716049382713,
        "balanced_accuracy": 0.4401651651651652,
        "f1_macro": 0.4088839615668884,
        "log_loss": 1.0344542327854664,
        "confusion_matrix": {
          "labels_order": [
            "A",
            "D",
            "H"
          ],
          "matrix": [
            [
              28,
              1,
              19
            ],
            [
              15,
              3,
              22
            ],
            [
              19,
              6,
              49
            ]
          ]
        }
      }
    }
  }
}